id	text	HS	TR	AG
101	@ian_delaCalva @IrantzuVarela @pikaramagazine Oye por qu√© no molestas a tu puta madre?	0	0	0
102	NINGUNA MUJER ES 'PUTA' ‚ùó‚ùó‚ùó https://t.co/cV0CQM5RIg	0	0	0
103	Editar, adem√°s de complicado, es lo que hace de algo que merezca la pena o no, porque puedes haber grabado la puta hostia de planos, que si no los montas bien, con un sentido y los maquillas atractivamente, se va a la mierda.	0	0	0
104	Bien joder una puta alegr√≠a!! Te lo mereces peque√±a #OTGala9	0	0	0
105	Todo pol√≠tica... no se levanta la sesi√≥n y estos hijos de puta mandan a los peones que est√°n en la plaza y provocar violencia... 15 polic√≠as heridos pero no pasa nada... si esos que est√°n ah√≠ son el pueblo... DIOS MIO el pueblo es mi vieja que se rompe el lomo laburando no ellos.	0	0	0
106	Casuso callate de una puta vez https://t.co/tWmjW1UFMM	0	0	0
107	@BedMM @NayBetania T√∫ eres la culpable, perra >:v	1	1	1
108	Yo no puedo creer que las propias mujeres naturalicen una violaci√≥n o acoso y lo justifiquen con que la mujer es la que ‚Äúprovoca‚Äù. Que mente de mierda la puta madre	0	0	0
109	@DalasReview @jk_rowling Hijo de puta muerete asqueroso no te mereces esa mierda	0	0	0
110	@Wachit0 @100Akshat @_Midoriyaa_ @NeohSJ La idea est√° la polla con cebolla pero obviamente no todos van a entrar por desconfianza, pero entrar√°n los que quieran ir y tengan confianza	0	0	0
111	Dos amigos hablando: -Ra√∫l, q me das por mi mujer? -Nada -Trato hecho.	1	0	0
112	‚Äî Yo soy respetuoso con los dem√°s, s√≥lamente les recuerdo lo que son. Y si son escoria no es culpa m√≠a. ... ‚Äî ¬°Claro que lo s√©! ¬ø¬°Por qui√©n me tomas!?	0	0	0
113	+¬øEs que solo sabes subir historias de tu perra? -¬øEs que hay algo m√°s que merezca la pena?	0	0	0
114	¬øEst√°s en contra de Erdogan? Pues te ponemos una foto con una polla en la cara y manipulamos el titular. https://t.co/qbG04sMOsv	0	0	0
115	En que se parece una mujer a un cientifico? En que al cientifico le pasan cosas por la cabeza, y a la mujer le pasan cabezas por la cosa	1	0	0
116	@vanessagirona @KRLS @mossos Vienes a las m√≠as..., 'pol√≠ticos' no Espa√±a, con Franco eso no pasaba ten√≠ais lo que quer√≠ais, todos por igual, el fanatismo por la independencia lleg√≥ despu√©s con atontaos a los que votamos, yo soy de c's por innovar no por o	0	0	0
117	@Reforma @aurelionuno No seas hijo de puta Nu√±o seg√∫n tu eres representante de la educaci√≥n puto viejo chismoso chupate mi verga.....	0	0	0
118	@Barbijaputa Por culpa de los petardos tengo unos amigos locos por encontrar a su perrita. Se les escap√≥ y sali√≥ huyendo por el ruido. https://t.co/pw4b7kWwoc	0	0	0
119	DIPUTADOS.HIJOS DE PUTA Q. VAN A PROVOCAR A LOS GENDARMES . QUIENES SON ?? KMAXIMO DEL CA√ëO MORO BREGMAN CUANDO LUCHARON √óLOS JUBILADOS??	0	0	0
120	@Guru_socket @joaquinbarucco La mejor forma de dormirte es pegarte un cachetazo, en la cara dormido... (Pensala) üò† üôÜ...	0	0	0
121	@Relatofeminista Hemos empezado de puta madre, si seguimos este paso llegaremos a las cuevas antes de que rajoy diga la pr√≥xima gilipollez	0	0	0
122	Ains... ya no queda buen machismo como el de antes...	1	0	0
123	@OneforAllDeku_ @xkingxexplosion ¬°T√∫ no me das ordenes imb√©cil voy a destruirle la polla a ese maldito subnormal y voy hacer las cosas a mi maldita manera! ¬°Ap√°rtate par√°sito!	0	0	0
124	Jajajajaja le tengo que ense√±ar eso a mi perraüòÇ https://t.co/rlTRFU3Dx0	0	0	0
125	@OrgMujeresCI Estoy de acuerdo, pero no s√© puede minimizar o relativizar la violaci√≥n o el acoso sexual. Sea de rocas y famosas o no	0	0	0
126	@anaisbernal P√°salo muy bien,te lo mereces üòòüòò	0	0	0
127	@erreleny @Fel_blan Buena descripci√≥n, aunque se te ha olvidado decir la puta moralina. Todos tienen que ENSE√ëARTE y EDUCARTE con su puta moralina de los cojones. Es una serie muy milenial.	0	0	0
128	Esa gente insultando y condenando al asesino de Diana Quer pero que luego le quitan importancia al acoso, violaci√≥n y maltrato a la mujer...	0	0	0
129	@Maridolvers Perra te lo merec√≠as! üòé	1	1	1
130	Qu√© es un partido doble mixto de tenis? Un single de hombres con obst√°culos.	1	0	0
131	@Milenio C√°llate rata asquerosa pri√≠sta de toda tu perra vida. No te cansas de robar. Pudrete hijo de tu puta madre.	0	0	0
132	Que es una Mujer embarazada de dos nenas y un varon? Un kit de limpieza con instrucciones.	1	0	0
133	¬øCu√°l es la peor desgracia para una mujer? Parir un var√≥n, porque despu√©s de tener un cerebro dentro durante 9 meses, van y se lo sacan.	1	0	0
134	¬øPorque se dice que la cerveza tiene hormonas femeninas? Porque cuando la bebes conduces mal, dices tonterias y nadie te hace caso.	1	0	0
135	@BeeluArzola callate puta mal parida perra re culia inconciente callada deberias estar maldita	1	1	1
136	@erices16_ C√°llate vos wacha trola deja de confundir las hormonas puta	1	1	1
137	YA CALLATE PUTA PERRA ME TIENES CANSADO CON TUS PENDEJADAS	1	1	1
138	Te odio Lidia, no te mereces a Francisco, #perra #LasChicasDelCable2	1	1	1
139	@GustavoOrozcoH No le ense√±aron modales a esa antifujimorista perra mermelera del foro de sao paulodebretch?esta ofendiendo a millones de votantes	1	0	1
140	@gonzozaqw @_piturros tu callate un mes perra	1	1	1
141	Te voy a ense√±ar lo que es una perra, PERRA.	1	1	1
142	Gracias Twitter por ense√±arme que el truco para ser famosa es estar bien buena y ser bien puta	1	0	0
143	@abc_es @HiginiaRoig Ya est√° la ni√±a del exorcista diciendo tonter√≠as. Has visto lo que a hecho la guarra de t√∫ hija.	1	1	1
144	@Laura99CM Ahora que me has faltado el respeto te lo puedo decir por fin: ¬°A fregar puta!	1	1	1
145	@xVolkovaVera Que guarra. B√∫scate ya un mozo.	1	0	1
146	Lisa agradece que tenes un due√±o con coraz√≥n porque te mereces que te ahorque perra hdpüò°	1	1	1
147	@SoyDas117 @LuckasDroiidYT1 @BrandonGaming6 @LlinxaYT Y tu eres mi esposa ve a la cocina zorra >:v	1	1	1
148	'¬øLa mitad de sueldo por ser mujer?' http://t.co/HXOVOaiOuj As√≠ es, porque aguantarlas cuesta el doble. #TomaDosTazas	1	0	0
149	¬øPor qu√© una mujer no puede ser guapa e inteligente? Porque ser√≠a un hombre.	1	0	0
150	-Veis chicas? Nunca hay que tener piedad con estas putas. Hay que educarlas en todo momento y ense√±arles para lo que sirven: para nuestra diversi√≥n. Le voy a reventar su culo de puta mientras te lo come, y por su bien, espero que se esfuerce o no podr√° se	1	1	0
151	El √≠nclito @sanchezcastejon cobra la sanidad a los inmigrantes legales mientras la regala a los sin papeles | Econom√≠a Digital https://t.co/BCxnADAVH6	1	0	1
152	Que tierra dejamos a nuestras generaciones. El planeta es de todos; no solo de unos pocos. Ahora ya me estan quitando el aire para respirar. No. Aqu√≠ o nos salvamos o morimos todos¬° inclu√≠dos refugiados pateras-etc Manda Huevos.  El calor me afecta al cerebro pk es inteligente	1	0	0
153	Llevan raz√≥n, no hay ning√∫n motivo para estar en alerta por terrorismo. Los migrantes,inmigrantes o como quieran llamarlos q est√°n estando en Espa√±a es la religi√≥n del amor, son educados y c√≠vicos. Yo ya puestos os quitar√≠a las armas y os dar√≠a flores o piruletas para defenderos https://t.co/fVEb0Kiyul	1	0	0
154	ULTIMA HORA ., el ministro del interior Grande Marlaska ha dicho a los guardias civiles de Ceuta que cuando salte la valla el negro de wuassap, que lo detengan y lo trasladen inmediatamente a su domicilio en Madrid	1	1	1
155	(@RoseDMatagalpa) A esas Bestias ir√°n a poner con Gabacha Blanca,? la Sangre de Cristo tiene poder y nos libre de esas hordas criminales #SOSNicaragua #AYUDA !!!!!Estamos rodeados de asesinos por doquier..#SALVENANICARAGUA!! #SOSNicaragua #fueraO‚Ä¶ https://t.co/GXhaNGmT6Y https://t.co/1GuWYRk4jb	1	0	1
156	Hay que pasarle al canciller Moncada una bolsa de gabacha, para cuando salga de la sesi√≥n, se tape la cara üòÇüòÇüòÇ	1	1	0
157	El problema de algunos no es ‚Äúla xenofobia" sino que ‚Äùla aporofobia‚Äù  (rechazo al pobre).  A nadie le molesta el inmigrante millonario como Paulman sino el haitiano pobre que necesita ayuda.	1	0	0
158	#politivida Si no te gusta, puedes cambiarlo. DESTINO SUDACA   https://t.co/2tpPakccSk	1	0	0
159	Este negro pol√≠ticamente incorrecto es un facha porque defiende a Espa√±a mucho m√°s que los politicuchos que nos gobiernan, si fuera presidente controlar√≠a mucho mejor la inmigraci√≥n indecente e invasora, que el okupa bocazas que nos gobierna. https://t.co/WXyLR7WtWb	1	0	1
160	Ideas: para intentar recuperar la popularidad perdida, el fujimorismo empezar√° con el discurso xen√≥fobo anti inmigraci√≥n venezolana. Y voil√°, he ah√≠ nuestro partido fascista.	1	0	1
161	En Barcelona un grupo de inmigrantes indocumentados agrede gravemente a un turista norteamericano qu√© defendi√≥ a una mujer acosada por estos bandidos,tan poca hombr√≠a tienen los espa√±oles qu√© no defienden a sus mujeres o son como la manada.?	1	0	1
162	1.-Los va a mantener Ud., porque desde su Palacio de Do√±ana,?se v√© todo muy bonito. Es que no hay manera de que comprendan, PSOE y PODEMOS que no hay presupuesto para esta avalancha? Que somos la mofa Europea? Que todos los camellos de Lavapi√©s, MADRID, son inmigrantes ilegales? https://t.co/t1yeNXJnGH	1	0	1
163	- Los catalanes somos espa√±oles. Y si no te gusta te jodes, porque como catal√°n ser√°s espa√±ol toda tu vida.  + Aix√≤ √©s com a m√≠nim discutible. Del que no hi ha dubte √©s que, per molta bandera espanyola que portis, per a gran part d'espanya tu sempre ser√†s "un puto catalufo" ü§∑	1	0	0
164	Otro art√≠culo m√°s de la canalla inmigracionista justificando la necesidad de destruir nuestra cultura en aras de una econom√≠a que nada entiende de integraci√≥n, costumbres y convivencia. Si el problema son las pensiones, que se reformen, no nuestras vidas. https://t.co/fmPHT5OjkD	1	0	1
165	Much√≠simas gracias!!! Adem√°s, con la inmigraci√≥n de los africanos, nos vais a llenar las calles de hero√≠na y comercio ilegal... Gracias de todo coraz√≥n! Adem√°s de acortar nuestras listas de espera en la sanidad, gracias a la sanidad p√∫blica universal. üëç https://t.co/7rm0mAai4C https://t.co/gY6bTH0MG3	1	0	0
166	Los √°rabes son los hombres m√°s descarados y ligadores del mundo	1	0	1
167	tu vete a la verga, puto sudaca	1	1	1
168	A buenas horas, mangas verdes. Tenemos al l√≠der del partido con m√°s fuerza en el Congreso deshumanizando a los inmigrantes con cifras inventadas y luego haci√©ndose fotos con ellos. Pero no, aqu√≠ no habr√° populismo:) https://t.co/57cuoVsTMx	1	0	0
169	Amaneci√≥ de GOLPE se acerca de nuevo? Palabras de INDOCUMENTADO. An√°lisi... https://t.co/OC4wmrbLgA v√≠a @YouTube	1	0	1
170	https://t.co/l7lBo0jBCh... Y el estado se hace pendejo con pagarles sus perdidas, recordemos que el mayate  Rafael Moreno Valle se robo la lana de varios seguros	1	1	1
171	S√°nchez da Sanidad gratis a los sin papeles... pero no a los inmigrantes legales  https://t.co/SNpZKhBIsh  Enviado desde @updayESP	1	0	1
172	Decenas de v√≠ctimas en ataques de la coalici√≥n √°rabe contra Al Hudaida https://t.co/iiacL0qfmw	1	0	0
173	Los manteros subsaharianos corren a sillazos a la Polic√≠a https://t.co/OXY9ZhnW5y v√≠a @Periodistadigit	1	0	1
174	Hay racismo cuando no creen que soy su hermana porque soy g√ºera @unpentagono @medicenlore https://t.co/9iHeSpHOIi	1	0	0
175	Ada Colau no aprende. La alcaldesa de la Ciudad Condal quiere m√°s inmigrantes subsaharianos en Barcelona. La podemita, que no ha condenado el ataque de los manteros al turista, solamente habla para exigir que lleguen m√°s inmigrantes ilegales. https://t.co/kkNRjXWIZK	1	0	0
176	Una historia m√°s de los "arabes" en nuestro pa√≠s. Sumado a los hondure√±os colocados en "puestos clave". Ha sido hist√≥rico. #LADRONES https://t.co/UrDQbL4Ux8	0	0	0
177	Los √°rabes y los venezolanos jajaja https://t.co/4UPxNGicsX	0	0	0
178	Pues en los primeros quince d√≠as de vida, el blog ya ha recibido visitas de Austria, Emiratos √Årabes Unidos, Costa Rica, Eslovenia, Armenia, Panam√°, Malta, Jap√≥n, Per√∫ o Rep√∫blica Dominicana. Sois grandes.   https://t.co/zvRie0eKsF	0	0	0
179	@TinedoGuia escuch√°ndote en vivo en Abudhabi, emiratos √°rabes, un abrazo	0	0	0
180	FIFA eWorld Cup: un √°rabe se consagr√≥ campe√≥n del Mundial de ... - https://t.co/CpW3k82CMV https://t.co/cWKCmchjUL https://t.co/7T8ibcr0Vh	0	0	0
181	Migrantes que saltaron la valla de Ceuta responden a las acusaciones de violencia: "La √∫nica arma que tenemos es el coraje"  https://t.co/s3legM6gRv https://t.co/YjZwoNBCw5	0	0	0
182	Una valla de taxis y taxistas en la frontera de Ceuta y Melilla ser√≠a infranqueable.	0	0	0
183	Migrantes que saltaron la valla de Ceuta responden a las acusaciones de violencia: "La √∫nica arma que tenemos es el coraje" https://t.co/5lNI8NjukF v√≠a @desalambre	0	0	0
184	Unos manteros agreden a un turista en Barcelona, Sanchez se carga el jefe de la UCO, salto a la valla en Melilla por el efecto llamada, subida de impuestos, sanidad universal para los ilegales, concesiones a independentistas catalanes y vascos... Pero vamos a hablar de Franco...	0	0	0
185	‚ñ∂ En Foggia, Italia, 12 jornaleros inmigrantes han fallecido en un accidente de tr√°fico. Y en Bolonia, el choque entre dos camiones ha provocado una explosi√≥n que habr√≠a dejado dos muertos y 67 heridos. https://t.co/yxDAHs5ftl https://t.co/OseSRlYDFg	0	0	0
186	Yo COCINO..Y QUE? Prefiero comprar en DISCO, o JUMBO, y espero q Larreta deje entrar a la cadena Walmart y los franchutes de Carrefour dejen de robar	0	0	0
187	Me ha gustado un v√≠deo de @YouTube (https://t.co/WwDPX6yAGs - ASALTO A LA VALLA DE CEUTA: 22 Guardias Civiles heridos. Y el gobierno	0	0	0
188	"La G√ºera" le ofreci√≥ un trabajo de mesera, donde le presentaron al sujeto: "era un tipo guapo, alto, de ojos bonitos, como blanco, pelo rubio, cuerpazo", detalla la v√≠ctima. https://t.co/6icbcgOOza	0	0	0
189	Yo solo estoy esperando el momento en el que dj Alex suba el remix  Arabe de Ecko y Papichamp	0	0	0
190	La izquierda espa√±ola pide que se derribe la valla de Ceuta y Melilla para que entren los inmigrantes | El Municipio https://t.co/eg2e4aGhIi	0	0	0
191	La trampa de la ONU: "convertir 710 mil √°rabes en 5 millones de refugiados palestinos" https://t.co/dG85x0jgrq	0	0	0
192	@davidzepeda1  Hoy ha tocado un paseo por recintos √°rabes.T√∫, siendo morenito y tal,te ir√≠a muy bien el papel de califa de aquella √©poca ( siglo X) ¬øno crees? De momento  contemplaremos su legado!! 1besoüíï https://t.co/aYjl6vvZaM	0	0	0
193	Agentes de la Patrulla Fronteriza de USA detuvo a un grupo de 95 inmigrantes #indocumentados en el desierto del suroeste de #Arizona.   #BuildTheWall https://t.co/8Z2f4PFWPM	0	0	0
194	Pero mire que lleg√≥, la g√ºera Salom√©	0	0	0
195	Qu√© ganas de comer unas √°rabes	0	0	0
196	si alguien tiene la imagen del pokemon ese bailando con el machupichu hoy no cobras tirititirititiritiirii que la ponga	0	0	0
197	El ciudadano ruso Denis Yakovlev facilit√≥ en Florida al menos 50 matrimonios falsos entre estadounidenses e inmigrantes indocumentados ‚Äîen su mayor√≠a asi√°ticos‚Äî por los que cobraba hasta $20,000. https://t.co/u9g3SagXGi	0	0	0
198	Toy feliz porque me voy a comer 12 empanadas √°rabes viendo naruto	0	0	0
199	Los Barrios, un pueblo solidario ante el "caos" con la acogida de inmigrantes en pabellones https://t.co/QgZNL4ikm0 v√≠a @elmundoes	0	0	0
200	los viernes por la noche los moritos y su reggaeton arabe no dejan descansar, https://t.co/flg5tQnp0S Forniteo	0	0	0
